ID,TITLE,Genre,Mood,Purpose,Theme(s),,
12873683,A001 - A New Hallelujah,Contemporary,Declarative,,"Missions, Evangelism, The Nations",Church & Unity,
12590472,A002 - Above All,Contemporary,Reflection & Prayer,Communion,"Jesus' Life, Death, & Resurrection",,
12590365,A003 - Above All Else,Contemporary,Reflection & Prayer,,God's Presence & Intimacy,,
12590729,A004 - Adonai,Contemporary,Celebratory,Call to Worship,Thankfulness & Adoration,,
12590880,A005 - Agnus Dei,Contemporary,Adoration,,Thankfulness & Adoration,,
12590920,A006 - Alabaster Jar,Contemporary,Desperation & Dependence,,Surrender,Commitment & Dedication,
12590998,A007 - Alas And Did My Savior Bleed,Traditional,Reflection & Prayer,Communion,"Jesus' Life, Death, & Resurrection",Thankfulness & Adoration,
12591099,A008 - Alive,Contemporary,Celebratory,,Freedom,Our Testimony & Redemption,
12591213,A009 - All About You,Contemporary,Celebratory,,Commitment & Dedication,Church & Unity,
12591520,A010 - All Because Of Jesus,Contemporary,Celebratory,Call to Worship,"Jesus' Life, Death, & Resurrection",,
12591609,A011 - All Hail The Power Of Jesus Name,Traditional,Declarative,Offering,"God's Greatness, Power, Glory",,
12591622,A012 - All I Really Want,Contemporary,Adoration,,God's Love & as Father,,
12591660,A013 - All My Fountains,Contemporary,Celebratory,,God's Faithfulness,,
12591702,A014 - All Of My Days,Contemporary,Celebratory,,Commitment & Dedication,,
12591714,A015 - All Over The World,Contemporary,Celebratory,,Church & Unity,"God's Greatness, Power, Glory",
12591800,A016 - All The Earth,Contemporary,Declarative,,"God's Greatness, Power, Glory",Commitment & Dedication,
12591816,A017 - All The Heavens,Contemporary,Adoration,,"God's Greatness, Power, Glory",,
12591900,A018 - All Who Are Thirsty,Contemporary,Desperation & Dependence,,God's Presence & Intimacy,,
12591914,A019 - Always,Contemporary,Desperation & Dependence,,God's Presence & Intimacy,,
12591940,A020 - Always Enough,Contemporary,Desperation & Dependence,,God's Love & as Father,,
12592068,A021 - Always Will,Contemporary,Celebratory,,God's Faithfulness,,
12591986,A022 - Amazed,Contemporary,Adoration,,Thankfulness & Adoration,,
12596649,A023 - Amazing Grace (My Chains Are Gone),Contemporary,Adoration,Communion,Thankfulness & Adoration,Our Testimony & Redemption,Freedom
12596803,A024 - Amazing Grace,Traditional,Adoration,Offering,Thankfulness & Adoration,Our Testimony & Redemption,
12596854,A025 - Anchor,Contemporary,Desperation & Dependence,,Hope,God's Faithfulness,
12596914,A026 - As The Deer,Traditional,Adoration,Offering,God's Presence & Intimacy,,
12600213,A027 - As We Seek Your Face,Contemporary,Desperation & Dependence,,God's Presence & Intimacy,,
12600236,A028 - At The Cross,Contemporary,Desperation & Dependence,Communion,"Jesus' Life, Death, & Resurrection",,
12600274,A029 - At The Cross (Love Ran Red),Contemporary,Declarative,Communion,"Jesus' Life, Death, & Resurrection",Surrender,
12600311,A030 - Awesome In This Place,Contemporary,Reflection & Prayer,,"God's Greatness, Power, Glory",,
12600337,A031 - Awesome Is The Lord Most High,Contemporary,Celebratory,Call to Worship,"God's Greatness, Power, Glory",,
12677737,A032 - Alive in You,Contemporary,Declarative,,Commitment & Dedication,,
12603057,B001 - Be Thou My Vision,Traditional,Reflection & Prayer,Offering,Commitment & Dedication,,
12603089,B002 - Beautiful Exchange,Contemporary,Reflection & Prayer,,"Jesus' Life, Death, & Resurrection",Our Testimony & Redemption,
12603113,B003 - Beauty For Ashes,Contemporary,Adoration,,Thankfulness & Adoration,Our Testimony & Redemption,
12603108,B004 - Because He Lives,Traditional,Adoration,,"Jesus' Life, Death, & Resurrection",Thankfulness & Adoration,
12603189,B005 - Before The Throne Of God Above,Contemporary,Reflection & Prayer,,"Jesus' Life, Death, & Resurrection",,
12603352,B006 - Beneath The Waters (I Will Rise),Contemporary,Declarative,,"Jesus' Life, Death, & Resurrection","God's Greatness, Power, Glory",
12603816,B007 - Better Is One Day,Contemporary,Desperation & Dependence,,God's Presence & Intimacy,,
12603864,B008 - Better Than Life,Contemporary,Celebratory,,God's Love & as Father,,
12603879,B009 - Bless His Holy Name,Gospel,Adoration,,Thankfulness & Adoration,,
12621868,B010 - Blessed,Contemporary,Desperation & Dependence,,God's Presence & Intimacy,,
12624845,B011 - Blessed Assurance,Traditional,Adoration,Offering,Our Testimony & Redemption,,
12624861,B012 - Blessed Be Your Name,Contemporary,Celebratory,Call to Worship,God's Faithfulness,Commitment & Dedication,
12624891,B013 - Break Every Chain,Contemporary,Declarative,,"God's Greatness, Power, Glory",Freedom,
12625524,B014 - Break Our Hearts,Contemporary,Desperation & Dependence,,Repentance,,
12625530,B015 - Breathe,Contemporary,Desperation & Dependence,,God's Presence & Intimacy,,
12625535,B016 - Broken Vessels (Amazing Grace),Contemporary,Reflection & Prayer,,Our Testimony & Redemption,God's Love & as Father,
12625543,B017 - Build Your Kingdom Here,Contemporary,Celebratory,,Church & Unity,God's Kingdom & Reign,
12625552,B018 - Bread of Life,Contemporary,Desperation & Dependence,,Repentance,Holy Spirit,
13836105,B019 - Build My Life,Contemporary,Declarative,,Commitment & Dedication,"God's Greatness, Power, Glory","Missions, Evangelism, The Nations"
12625557,C001 - Came To My Rescue,Contemporary,Declarative,,Commitment & Dedication,,
12625571,C002 - Can A Nation Be Changed,Contemporary,Desperation & Dependence,,Repentance,,
12626536,C003 - Captivate Us,Contemporary,Adoration,,God's Presence & Intimacy,,
12626623,C004 - Change My Heart Oh God,Contemporary,Reflection & Prayer,,Repentance,,
12626668,C005 - Chosen Generation,Contemporary,Celebratory,,Commitment & Dedication,Church & Unity,
12629816,C006 - Christ Is Enough,Contemporary,Declarative,,Commitment & Dedication,,
12603246,C007 - Closer (Hillsong),Contemporary,Celebratory,,God's Presence & Intimacy,,
12629925,C008 - Closer (Pull Me A Little Closer),Contemporary,Desperation & Dependence,,God's Presence & Intimacy,God's Love & as Father,
12629945,C009 - Come And Fill Me Up,Contemporary,,,Holy Spirit,God's Presence & Intimacy,
12629953,C010 - Come As You Are,Contemporary,Reflection & Prayer,,Repentance,God's Love & as Father,
12630027,C011 - Come Home Running,Contemporary,Desperation & Dependence,,Repentance,God's Love & as Father,
12630096,C012 - Come Now Is The Time To Worship,Contemporary,,Call to Worship,Commitment & Dedication,,
12630119,C013 - Come Thou Fount,Traditional,,Offering,Thankfulness & Adoration,God's Faithfulness,
12630141,C014 - Come To The Water,Contemporary,Declarative,,God's Kingdom & Reign,,
12630203,C015 - Come Ye Sinners,Contemporary,Desperation & Dependence,,Repentance,Commitment & Dedication,
12630249,C016 - Consuming Fire,Contemporary,Desperation & Dependence,,Holy Spirit,God's Presence & Intimacy,
12603293,C017 - Cornerstone,Contemporary,Declarative,,God's Faithfulness,Commitment & Dedication,
12635372,C018 - Create In Me A Clean Heart,Contemporary,Reflection & Prayer,,Holiness & Purity,Repentance,
12634993,"D001 - Deep, Deep",Children,,,,,
12635012,D002 - Did You Feel The Mountains Tremble,Contemporary,Celebratory,,Church & Unity,,
12637750,D003 - Do What You Want To,Contemporary,Celebratory,,Commitment & Dedication,Surrender,
12540630,D004 - Doxology,Traditional,Adoration,,,,
12603114,D005 - Draw Me Close,Contemporary,Desperation & Dependence,,God's Presence & Intimacy,,
13827126,D006 - Do It Again,Contemporary,Desperation & Dependence,,God's Faithfulness,Trust,
12603174,E001 - Eagle's Wings,Contemporary,Desperation & Dependence,,God's Presence & Intimacy,,
12603218,E002 - Endless Light,Contemporary,Celebratory,Call to Worship,Thankfulness & Adoration,Commitment & Dedication,
12603260,E003 - Enough,Contemporary,Desperation & Dependence,,Thankfulness & Adoration,,
12600315,E004 - Ever Be,Contemporary,Declarative,,God's Faithfulness,Thankfulness & Adoration,
12603306,E005 - Evermore,Contemporary,Celebratory,Call to Worship,Commitment & Dedication,Thankfulness & Adoration,
12603330,E006 - Every Move I Make,Children,,,,,
12603881,E007 - Everything,Contemporary,Adoration,,Thankfulness & Adoration,God's Faithfulness,
12603883,E008 - Everything And Nothing Less,Contemporary,Desperation & Dependence,,Surrender,,
12471373,E009 - Every Praise,Gospel,Celebratory,Call to Worship,Thankfulness & Adoration,,
12604727,F001 - Faithful Father,Contemporary,Adoration,,God's Faithfulness,God's Love & as Father,
12604735,F002 - Faithful One,Contemporary,Desperation & Dependence,,God's Faithfulness,,
12615323,F003 - Fall,Contemporary,Desperation & Dependence,,Holy Spirit,,
12615368,F004 - Fall In This Place,Contemporary,Desperation & Dependence,,Holy Spirit,,
12615397,F005 - Father Of Lights,Contemporary,Celebratory,,Thankfulness & Adoration,,
12615519,F006 - Fill Me Up,Contemporary,Desperation & Dependence,,God's Presence & Intimacy,,
12615537,F007 - Filled With Your Glory,Contemporary,Celebratory,Call to Worship,Thankfulness & Adoration,,
12635479,F008 - Fire Fall Down,Contemporary,Desperation & Dependence,,"Jesus' Life, Death, & Resurrection",God's Presence & Intimacy,
12638660,F009 - Follow You,Contemporary,Desperation & Dependence,,"Missions, Evangelism, The Nations",Commitment & Dedication,
12638680,F010 - For The Sake Of The World,Contemporary,Declarative,,"Missions, Evangelism, The Nations",Commitment & Dedication,
12637796,F011 - For Who You Are,Contemporary,Declarative,Call to Worship,Thankfulness & Adoration,,
12637874,F012 - Forever (Give Thanks),Contemporary,Celebratory,Call to Worship,Thankfulness & Adoration,God's Faithfulness,
12637896,F013 - Forever (We Sing Hallelujah),Contemporary,Declarative,,"Jesus' Life, Death, & Resurrection",,
12637952,F014 - Forever Reign,Contemporary,Declarative,,Commitment & Dedication,"God's Greatness, Power, Glory",God's Kingdom & Reign
12638599,F015 - Found In You,Contemporary,Celebratory,Call to Worship,God's Presence & Intimacy,,
12638709,F016 - Free,Contemporary,Declarative,,Freedom,,
12638729,F017 - Freedom Reigns,Contemporary,Desperation & Dependence,,Holy Spirit,Freedom,God's Presence & Intimacy
12638011,F018 - Friend Of God,Gospel,Celebratory,,Thankfulness & Adoration,,
12637986,F019 - From The Inside Out,Contemporary,Declarative,,Commitment & Dedication,Surrender,
14299151,F020 - Flame of Fire Rushing Wind,Contemporary,Desperation & Dependence,Call to Worship,"God's Greatness, Power, Glory",Thankfulness & Adoration,Holy Spirit
12608406,G001 - Give Me Faith,Contemporary,Declarative,,Trust,,
12638742,G002 - Give Thanks,Contemporary,Adoration,,Thankfulness & Adoration,,
12638582,G003 - Give Us Clean Hands,Contemporary,Desperation & Dependence,,Repentance,,
12638097,G004 - Glorious Ruins,Contemporary,Declarative,,Commitment & Dedication,,
12638754,G005 - Glory,Contemporary,Celebratory,Call to Worship,"God's Greatness, Power, Glory",,
12638077,G006 - Go,Contemporary,Celebratory,,Surrender,Freedom,"Missions, Evangelism, The Nations"
12638039,G007 - God Be Praised/Our God Reigns,Contemporary,Declarative,Call to Worship,God's Kingdom & Reign,Thankfulness & Adoration,
12635267,G008 - God I Look To You,Contemporary,Desperation & Dependence,,Commitment & Dedication,Thankfulness & Adoration,Trust
12635328,G009 - God Is Able,Contemporary,Declarative,,"God's Greatness, Power, Glory",,
12592427,G010 - God Is Great,Contemporary,Celebratory,Call to Worship,"God's Greatness, Power, Glory",,
12603068,G011 - God Of Ages,Contemporary,Declarative,,Trust,God's Faithfulness,
12592821,G012 - God Of My Days,Contemporary,Desperation & Dependence,,God's Faithfulness,Trust,
12603116,G013 - God Of Wonders,Contemporary,Adoration,,"God's Greatness, Power, Glory",,
12603134,G014 - God's Romance,Contemporary,Celebratory,,God's Love & as Father,God's Kingdom & Reign,
12593023,G015 - Good Good Father,Contemporary,Adoration,,God's Love & as Father,God's Faithfulness,
12603147,G016 - Grace Flows Down,Contemporary,Reflection & Prayer,Communion,"Jesus' Life, Death, & Resurrection",,
12603207,G017 - Grace So Glorious,Contemporary,Declarative,,"Jesus' Life, Death, & Resurrection",,
12600271,G018 - Great Are You Lord,Contemporary,Desperation & Dependence,,"God's Greatness, Power, Glory",,
12603252,G019 - Great Great God,Contemporary,Declarative,,"God's Greatness, Power, Glory",God's Kingdom & Reign,
12603271,G020 - Great I Am,Contemporary,Declarative,,"God's Greatness, Power, Glory",God's Kingdom & Reign,
12603317,G021 - Great Is The Lord,Contemporary,Adoration,,,,
12603338,G022 - Great Is Thy Faithfulness,Traditional,,Offering,"God's Greatness, Power, Glory",Trust,God's Faithfulness
12603361,G023 - Greater,Contemporary,Declarative,,"God's Greatness, Power, Glory",,
12677803,G024 - Glorious,Gospel,Celebratory,,"God's Greatness, Power, Glory",,
13275467,G025 - God Is Here,Contemporary,Celebratory,Call to Worship,God's Presence & Intimacy,,
13717505,G026 - Grace To Grace,Contemporary,Declarative,,Our Testimony & Redemption,"Jesus' Life, Death, & Resurrection",Freedom
12603391,H001 - Hallelujah (Your love is amazing),Contemporary,Celebratory,,God's Love & as Father,,
12603405,H002 - Happy Day,Contemporary,Celebratory,,"Jesus' Life, Death, & Resurrection",,
12603424,H003 - He Is Exalted,Contemporary,Declarative,,"God's Greatness, Power, Glory",,
12603438,H004 - He Knows My Name,Contemporary,Reflection & Prayer,,God's Love & as Father,God's Presence & Intimacy,
12788217,H005 - Hallelujah (Our God Reigns),Contemporary,Declarative,,God's Kingdom & Reign,,
12603473,H006 - Healer,Contemporary,Desperation & Dependence,,Freedom,Hope,"God's Greatness, Power, Glory"
12614450,H007 - Healing,Contemporary,Desperation & Dependence,,Holiness & Purity,Repentance,
12614522,H008 - Hear Our Praises,Contemporary,Declarative,Call to Worship,Thankfulness & Adoration,,
12614878,H009 - The Heart Of Worship,Contemporary,Reflection & Prayer,,Commitment & Dedication,Holiness & Purity,Repentance
12614985,H010 - Heaven And Earth,Contemporary,Declarative,,Freedom,"Jesus' Life, Death, & Resurrection",
12615179,H011 - Here For You,Contemporary,Declarative,Call to Worship,God's Presence & Intimacy,,
12615296,H012 - Here I Am To Worship,Contemporary,Adoration,Call to Worship,Commitment & Dedication,Thankfulness & Adoration,
12616142,H013 - Here In My Life,Contemporary,Desperation & Dependence,,Our Testimony & Redemption,,
12616182,H014 - Here In Your Presence,Contemporary,Reflection & Prayer,,God's Presence & Intimacy,,
12616211,H015 - Here Is Our King,Contemporary,Celebratory,Call to Worship,"God's Greatness, Power, Glory",God's Kingdom & Reign,
12621670,H016 - Here's My Heart,Contemporary,Desperation & Dependence,,Commitment & Dedication,Surrender,Repentance
12621728,H017 - His Banner Over Me,Contemporary,Celebratory,,God's Love & as Father,Church & Unity,
12621746,H018 - Holy And Anointed One,Contemporary,Adoration,,God's Presence & Intimacy,Thankfulness & Adoration,
12621776,H019 - Holy Fire,Contemporary,Reflection & Prayer,,God's Faithfulness,God's Presence & Intimacy,Holy Spirit
12621806,H020 - Holy Holy Holy Lord God Almighty,Traditional,,Offering,"God's Greatness, Power, Glory",,
12621813,H021 - Holy Is The Lord,Contemporary,Celebratory,Call to Worship,"God's Greatness, Power, Glory",,
12608372,H022 - Holy Spirit,Contemporary,Desperation & Dependence,,Holy Spirit,God's Presence & Intimacy,
12599400,H023 - Hope of the World,Contemporary,Desperation & Dependence,,Hope,"Jesus' Life, Death, & Resurrection",
12599591,H024 - Hosanna (Hillsong),Contemporary,Declarative,,God's Kingdom & Reign,"Missions, Evangelism, The Nations",
12622722,H025 - Hungry,Contemporary,Desperation & Dependence,,Surrender,God's Presence & Intimacy,
12603633,H026 - Hosanna (Be Lifted Higher),Contemporary,Declarative,,God's Kingdom & Reign,,
12603640,H027 - House of the Lord,Contemporary,Reflection & Prayer,,God's Presence & Intimacy,God's Love & as Father,
12603674,H028 - How Can I Keep From Singing,Contemporary,Adoration,,Thankfulness & Adoration,God's Faithfulness,
12603676,H029 - How Deep The Father's Love For Us,Contemporary,Reflection & Prayer,,God's Love & as Father,"Jesus' Life, Death, & Resurrection",Thankfulness & Adoration
12622802,H030 - How Great Is Our God,Contemporary,Declarative,,"God's Greatness, Power, Glory",Thankfulness & Adoration,
12610540,H031 - How Great Thou Art,Traditional,Adoration,Offering,"God's Greatness, Power, Glory",,
12610592,H032 - How He Loves,Contemporary,Declarative,,God's Love & as Father,,
12610609,H033 - How Marvelous,Traditional,Adoration,Offering,Our Testimony & Redemption,,
12616060,H034 - Humble King,Contemporary,Reflection & Prayer,,"Jesus' Life, Death, & Resurrection",Commitment & Dedication,
12890852,H035 - Here As In Heaven,Contemporary,Desperation & Dependence,,God's Kingdom & Reign,God's Presence & Intimacy,Holy Spirit
13044814,H036 - Hear Us From Heaven,Contemporary,Desperation & Dependence,,Church & Unity,God's Kingdom & Reign,
13931291,H037 - Here I Am Send Me,Contemporary,Declarative,,"Missions, Evangelism, The Nations",Holy Spirit,"God's Greatness, Power, Glory"
12616559,I001 - I Adore,Contemporary,Adoration,,Thankfulness & Adoration,,
12616100,I002 - I Am Free,Contemporary,Celebratory,,Freedom,,
12616529,I003 - I Can Only Imagine,Contemporary,Adoration,,Our Testimony & Redemption,Thankfulness & Adoration,
12632358,I004 - I Come,Contemporary,Desperation & Dependence,,Surrender,,
12632374,I005 - I Could Sing Of Your Love Forever,Contemporary,Adoration,,God's Love & as Father,Thankfulness & Adoration,
12632400,I006 - I Exalt Thee,Contemporary,Adoration,,Thankfulness & Adoration,"God's Greatness, Power, Glory",
12632409,I007 - I Give Myself Away,Contemporary,Desperation & Dependence,,Surrender,,
12632419,I008 - I Give You My Heart,Contemporary,Adoration,,Surrender,Thankfulness & Adoration,
12632428,I009 - I Lift My Hands,Contemporary,Desperation & Dependence,,Trust,God's Faithfulness,
12632439,I010 - I Need You,Contemporary,Desperation & Dependence,,Surrender,"Jesus' Life, Death, & Resurrection",
12632450,I011 - I Need You More,Contemporary,Desperation & Dependence,,God's Presence & Intimacy,Surrender,
12632456,I012 - I Offer My Life,Contemporary,Adoration,,Commitment & Dedication,,
12632464,I013 - I Stand In Awe,Contemporary,Adoration,,Thankfulness & Adoration,"God's Greatness, Power, Glory",
12632477,I014 - I Surrender,Contemporary,Desperation & Dependence,,Surrender,,
12603329,I015 - I Surrender All,Traditional,Adoration,Offering,Surrender,,
12633265,I016 - I Want To Love You More,Contemporary,Adoration,,Thankfulness & Adoration,,
12633267,I017 - I Will Follow,Contemporary,Declarative,,Trust,Surrender,Commitment & Dedication
12633268,I018 - I Will Offer Up My Life,Contemporary,Adoration,Communion,Thankfulness & Adoration,"Jesus' Life, Death, & Resurrection",Commitment & Dedication
12633269,I019 - I'd Rather Have Jesus,Traditional,Adoration,Offering,Thankfulness & Adoration,Commitment & Dedication,
12633278,I020 - I'm Going Free (Jailbreak),Contemporary,Celebratory,,Freedom,Our Testimony & Redemption,
12633282,I021 - I'm Not Ashamed,Contemporary,Celebratory,,Our Testimony & Redemption,,
12633284,I022 - If I Have You,Contemporary,Reflection & Prayer,,Trust,Surrender,
12633286,I023 - In Christ Alone (I Place My Trust),Contemporary,Desperation & Dependence,,Trust,,
12633290,I024 - In Christ Alone (Passion),Contemporary,Declarative,,"Jesus' Life, Death, & Resurrection",Trust,Commitment & Dedication
12599113,I025 - In The Secret,Contemporary,Reflection & Prayer,,God's Presence & Intimacy,Commitment & Dedication,
12590847,I026 - In Your Freedom,Contemporary,Desperation & Dependence,,Commitment & Dedication,Freedom,Trust
12599153,I027 - In Your Light,Contemporary,Celebratory,,Our Testimony & Redemption,,
12599129,I028 - Indescribable,Contemporary,Declarative,,"God's Greatness, Power, Glory",,
12599600,I029 - It Is Well,Traditional,Desperation & Dependence,,Trust,,
12599611,I030 - It Is Well With My Soul,Contemporary,Declarative,,Trust,,
13287783,I031 - In God We Trust,Contemporary,Declarative,,God's Faithfulness,God's Kingdom & Reign,Trust
13775841,I033 - I Need Thee Every Hour,Traditional,Desperation & Dependence,Offering,,,
13982604,I034 - It Is Well,Contemporary,Desperation & Dependence,,Trust,Surrender,
14285790,I035 - I Came For You,Contemporary,Desperation & Dependence,Call to Worship,Holy Spirit,God's Presence & Intimacy,
12599145,J001 - Jesus At The Center,Gospel,Adoration,,Church & Unity,Thankfulness & Adoration,
12599161,J002 - Jesus Loves Me,Contemporary,Reflection & Prayer,,Our Testimony & Redemption,God's Love & as Father,
12590915,J003 - Jesus Messiah,Contemporary,Adoration,Communion,"Jesus' Life, Death, & Resurrection",Hope,
12592415,J004 - Jesus Paid It All,Contemporary,Declarative,Communion,"Jesus' Life, Death, & Resurrection",,
12599180,J005 - Jesus Lover Of My Soul,Contemporary,Adoration,,Thankfulness & Adoration,,
12599170,J006 - Jesus Lover Of My Soul (Hillsong),Contemporary,Desperation & Dependence,,Thankfulness & Adoration,Trust,
12591507,"J007 - Jesus, Only Jesus",Contemporary,Adoration,,"God's Greatness, Power, Glory",Thankfulness & Adoration,
12592778,"J008 - Jesus, Son Of God",Contemporary,Declarative,,"Jesus' Life, Death, & Resurrection",Thankfulness & Adoration,
12598781,J009 - Jesus We Enthrone You,Contemporary,Adoration,,God's Kingdom & Reign,,
12598555,J010 - Jesus You Alone,Contemporary,Celebratory,,Thankfulness & Adoration,Commitment & Dedication,
12599353,"J011 - Jesus, Your Love",Contemporary,Reflection & Prayer,,God's Love & as Father,Thankfulness & Adoration,Commitment & Dedication
12874373,J012 - Jesus I Come,Contemporary,Adoration,,Thankfulness & Adoration,God's Love & as Father,
12598685,K001 - Kindness,Contemporary,Adoration,,Repentance,Thankfulness & Adoration,
12600457,K002 - King,Contemporary,Celebratory,,God's Kingdom & Reign,"God's Greatness, Power, Glory",
12599084,K003 - King Of All Glory,Contemporary,Declarative,,God's Kingdom & Reign,"God's Greatness, Power, Glory",
12599104,K004 - Knowing You,Contemporary,Reflection & Prayer,,Commitment & Dedication,Surrender,
12600177,L001 - Lay Me Down,Contemporary,Celebratory,,Surrender,Commitment & Dedication,
12599817,L002 - Let Everything That Has Breath,Contemporary,Celebratory,Call to Worship,Thankfulness & Adoration,"God's Greatness, Power, Glory",
12599880,L003 - Let It Be Jesus,Contemporary,Desperation & Dependence,,Surrender,Commitment & Dedication,
12593197,L004 - Let It Echo (Heaven Fall),Contemporary,Declarative,,"Missions, Evangelism, The Nations",,
12599802,L005 - Let It Rise,Contemporary,Celebratory,Call to Worship,"God's Greatness, Power, Glory",,
12592901,L006 - Let My Words Be Few,Contemporary,Adoration,,Thankfulness & Adoration,,
12599376,L007 - Let Your Glory Fall,Contemporary,Reflection & Prayer,,"God's Greatness, Power, Glory","Missions, Evangelism, The Nations",
12599195,L008 - Lifesong,Contemporary,Reflection & Prayer,,Commitment & Dedication,Surrender,
12599785,L009 - Light The Fire Again,Contemporary,Reflection & Prayer,,Commitment & Dedication,,
12600145,L010 - Look How He Lifted Me,Contemporary,Celebratory,,Our Testimony & Redemption,,
12599403,L011 - Lord Most High,Contemporary,Adoration,,"God's Greatness, Power, Glory",,
12599425,L012 - Lord I Need You,Contemporary,Desperation & Dependence,,Trust,,
12600246,L013 - Lost In Wonder,Contemporary,Adoration,Communion,"Jesus' Life, Death, & Resurrection",Thankfulness & Adoration,
12599470,L014 - Love Like Fire,Contemporary,Desperation & Dependence,,God's Love & as Father,Surrender,
12634531,L015 - Little By Little,Children,,,,,
13906666,L016 - Let There Be Light,Contemporary,Desperation & Dependence,,Trust,Freedom,"God's Greatness, Power, Glory"
12598513,M001 - Made Me Glad,Contemporary,Desperation & Dependence,,Trust,,
12598711,M002 - Madly,Contemporary,Declarative,,"Missions, Evangelism, The Nations",Commitment & Dedication,
12600037,M003 - Majestic,Contemporary,Celebratory,Call to Worship,"God's Greatness, Power, Glory",Thankfulness & Adoration,
12603093,M004 - Majesty,Contemporary,Reflection & Prayer,Communion,"Jesus' Life, Death, & Resurrection",Our Testimony & Redemption,
12471375,M005 - Man Of Sorrows,Contemporary,Declarative,Communion,"Jesus' Life, Death, & Resurrection",Our Testimony & Redemption,
12603107,M006 - Marvelous Light,Contemporary,Celebratory,,"Jesus' Life, Death, & Resurrection",Commitment & Dedication,
12603117,M007 - Meet Us Here,Contemporary,Adoration,Call to Worship,God's Presence & Intimacy,,
12603142,M008 - Mighty To Save,Contemporary,Declarative,,"Missions, Evangelism, The Nations",,
12603165,M009 - Much Of You,Contemporary,Adoration,,Commitment & Dedication,,
12603237,M010 - Multiply,Contemporary,Declarative,,Commitment & Dedication,,
12603269,M011 - My Glorious,Contemporary,Declarative,,"God's Greatness, Power, Glory",,
12603332,M012 - My God Reigns,Contemporary,Desperation & Dependence,,Trust,God's Faithfulness,"God's Greatness, Power, Glory"
12603348,M013 - My Heart Is Yours,Contemporary,Declarative,,Commitment & Dedication,Surrender,
12616571,M014 - My Jesus I Love Thee,Traditional,Adoration,Offering,Thankfulness & Adoration,"Jesus' Life, Death, & Resurrection",
13285034,M015 - More And More,Gospel,Declarative,,God's Presence & Intimacy,God's Faithfulness,
13836340,M016 - Miracles,Contemporary,Desperation & Dependence,,Trust,God's Faithfulness,
12617684,N001 - Never Once,Contemporary,Reflection & Prayer,,Our Testimony & Redemption,God's Faithfulness,
12617784,N002 - No Chains On Me,Contemporary,Celebratory,,Freedom,,
12603228,N003 - No Higher Calling,Contemporary,Adoration,,Commitment & Dedication,Thankfulness & Adoration,
12617838,N004 - No Longer Slaves,Contemporary,Declarative,,God's Love & as Father,Freedom,Our Testimony & Redemption
12617970,N005 - No One Higher,Contemporary,Declarative,,"God's Greatness, Power, Glory",God's Presence & Intimacy,
12618050,N006 - No Other Name,Contemporary,Declarative,,"God's Greatness, Power, Glory",God's Kingdom & Reign,
12618189,N007 - None But Jesus,Contemporary,Reflection & Prayer,,"Jesus' Life, Death, & Resurrection",Commitment & Dedication,
12621441,N008 - Not For A Moment,Contemporary,Desperation & Dependence,,God's Faithfulness,Our Testimony & Redemption,
12618811,N009 - Not To Us,Contemporary,Celebratory,,Commitment & Dedication,"God's Greatness, Power, Glory",
12621522,N010 - Nothing But The Blood,Traditional,Reflection & Prayer,Communion,"Jesus' Life, Death, & Resurrection",,
12621952,N011 - Nothing But The Blood (Your Blood),Contemporary,Declarative,,"Jesus' Life, Death, & Resurrection",Thankfulness & Adoration,
12618586,N012 - Nothing I Hold Onto,Contemporary,Desperation & Dependence,,Trust,Commitment & Dedication,Thankfulness & Adoration
12618676,N013 - Nothing Is Impossible,Contemporary,Celebratory,,"God's Greatness, Power, Glory",Trust,
12621961,N014 - Nothing Is Wasted,Contemporary,Desperation & Dependence,,God's Faithfulness,Hope,
12621987,N015 - Now That You're Near,Contemporary,Celebratory,,God's Presence & Intimacy,Commitment & Dedication,
12621999,O001 - O Come To The Altar,Contemporary,Desperation & Dependence,,Repentance,"Jesus' Life, Death, & Resurrection",Thankfulness & Adoration
12622007,O002 - O Praise The Name (Anástasis),Contemporary,Declarative,,"Jesus' Life, Death, & Resurrection",Thankfulness & Adoration,
12622012,O003 - Oceans (Where Feet May Fail),Contemporary,Desperation & Dependence,,Trust,Commitment & Dedication,
12621579,O004 - Oh For A Thousand Tongues To Sing,Traditional,,Offering,,,
12622021,O005 - O Praise Him,Contemporary,Celebratory,Call to Worship,Thankfulness & Adoration,,
12621596,O006 - On The Throne,Contemporary,Declarative,,Commitment & Dedication,God's Faithfulness,
12618835,O007 - Once Again,Contemporary,Reflection & Prayer,Communion,"Jesus' Life, Death, & Resurrection",Thankfulness & Adoration,
12599209,O008 - One Desire,Contemporary,Desperation & Dependence,,God's Presence & Intimacy,Commitment & Dedication,
12599299,O009 - One Pure And Holy Passion,Contemporary,Reflection & Prayer,,Commitment & Dedication,Holiness & Purity,
12592117,O010 - One Thing,Contemporary,Adoration,,Commitment & Dedication,God's Presence & Intimacy,
12599485,O011 - One Thing Remains,Contemporary,Declarative,,God's Love & as Father,,
12599902,O012 - One Voice,Contemporary,Reflection & Prayer,,Church & Unity,,
12599957,O013 - One Way,Contemporary,Celebratory,,Commitment & Dedication,,
12599995,O014 - Only A God Like You,Contemporary,Celebratory,,Commitment & Dedication,,
12600038,O015 - Only You,Contemporary,Desperation & Dependence,,Commitment & Dedication,,
12600061,O016 - Open Heaven (River Wild),Contemporary,Declarative,,Holy Spirit,Surrender,
12600079,O017 - Open The Eyes Of My Heart,Contemporary,Declarative,Call to Worship,"God's Greatness, Power, Glory",,
12600097,O018 - Open Up The Heavens,Contemporary,Celebratory,Call to Worship,"God's Greatness, Power, Glory",,
12600398,O019 - Open Up The Sky,Contemporary,Desperation & Dependence,,God's Presence & Intimacy,,
12603199,O020 - Our God,Contemporary,Declarative,,"God's Greatness, Power, Glory",,
12603215,O021 - Our Heart,Contemporary,Reflection & Prayer,,"Missions, Evangelism, The Nations",,
12603239,O022 - Our Love Is Loud,Contemporary,Celebratory,,Thankfulness & Adoration,,
12603248,O023 - Overflow,Contemporary,Reflection & Prayer,,Trust,Commitment & Dedication,
13930852,O024 - Only Wanna Sing,Contemporary,Celebratory,,Thankfulness & Adoration,,
12603266,P001 - Place Of Freedom,Contemporary,Reflection & Prayer,,Freedom,God's Presence & Intimacy,
12603311,P002 - The Power Of Your Love,Contemporary,Desperation & Dependence,,God's Love & as Father,Commitment & Dedication,
12603320,P003 - Prepare The Way,Contemporary,Adoration,,"God's Greatness, Power, Glory",,
12603333,P004 - Presence Power Glory,Contemporary,Declarative,,God's Presence & Intimacy,Holy Spirit,"God's Greatness, Power, Glory"
12603343,P005 - Psalm 19,Contemporary,Reflection & Prayer,,Commitment & Dedication,,
12603364,P006 - Pursuit,Contemporary,Desperation & Dependence,,God's Presence & Intimacy,Surrender,
13745876,P007 - Praise The King,Contemporary,Declarative,,"Jesus' Life, Death, & Resurrection",Freedom,"God's Greatness, Power, Glory"
12603373,R001 - Raised To Life,Contemporary,Celebratory,,"Jesus' Life, Death, & Resurrection",Freedom,
12603385,R002 - Reaching For You,Contemporary,Desperation & Dependence,Call to Worship,Thankfulness & Adoration,Commitment & Dedication,
12603395,R003 - Refiner's Fire,Contemporary,Reflection & Prayer,,Holiness & Purity,Repentance,Commitment & Dedication
12603407,R004 - Reign In Us,Contemporary,Reflection & Prayer,,Commitment & Dedication,Surrender,God's Kingdom & Reign
12600384,R005 - Resurrecting,Contemporary,Declarative,,Freedom,"God's Greatness, Power, Glory",Hope
12603419,R006 - Rise,Contemporary,Declarative,,Church & Unity,Commitment & Dedication,
12603431,R007 - Running,Contemporary,Declarative,,Freedom,Commitment & Dedication,Church & Unity
12798802,R008 - Radiant,Contemporary,Declarative,,"God's Greatness, Power, Glory",Hope,Church & Unity
14287445,R009 - Ready For You,Contemporary,Desperation & Dependence,Call to Worship,"God's Greatness, Power, Glory",Hope,
12603445,S001 - Salvation Is Here,Contemporary,Celebratory,,Freedom,,
12603452,S002 - Sanctuary,Contemporary,Reflection & Prayer,,Holiness & Purity,Surrender,Commitment & Dedication
12603457,S003 - Satisfied,Contemporary,Declarative,,Trust,Thankfulness & Adoration,God's Faithfulness
12603478,S004 - Saviour King,Contemporary,Declarative,,Thankfulness & Adoration,Church & Unity,
12603491,S005 - Second Chance,Contemporary,Desperation & Dependence,,Repentance,,
12603496,S006 - Send Me Out,Contemporary,Declarative,,"Missions, Evangelism, The Nations",,
12624194,S007 - Set A Fire,Contemporary,Desperation & Dependence,,God's Presence & Intimacy,,
12624231,S008 - Set Apart,Contemporary,Declarative,,Church & Unity,Commitment & Dedication,
12624239,S009 - Shine A Light,Contemporary,Celebratory,,Freedom,"God's Greatness, Power, Glory","Missions, Evangelism, The Nations"
12626214,S010 - Shout To The Lord,Contemporary,Declarative,,Thankfulness & Adoration,God's Faithfulness,
12626234,S011 - Shout Unto God,Contemporary,Declarative,,Hope,Freedom,
12635006,S012 - Show Me Your Glory,Contemporary,Desperation & Dependence,,God's Presence & Intimacy,,
12599347,S013 - Sing Sing Sing,Contemporary,Celebratory,,Thankfulness & Adoration,,
12599366,S014 - Sing To The King,Contemporary,Declarative,,Church & Unity,"Jesus' Life, Death, & Resurrection",Hope
12603150,S015 - Sinking Deep,Contemporary,Desperation & Dependence,,God's Love & as Father,God's Presence & Intimacy,
12603191,S016 - Something More,Contemporary,Reflection & Prayer,,Thankfulness & Adoration,Surrender,
12603200,S017 - Sovereign,Contemporary,Declarative,,Hope,God's Faithfulness,
12609709,S018 - Spirit Break Out,Contemporary,Desperation & Dependence,,Holy Spirit,Church & Unity,
12609937,S019 - Stay Amazed,Contemporary,Declarative,,Thankfulness & Adoration,,
12609975,S020 - Step by Step,Contemporary,Declarative,,Commitment & Dedication,,
12622030,S021 - Still,Contemporary,Desperation & Dependence,,Hope,,
12610041,S022 - Stir In Me,Contemporary,Desperation & Dependence,Call to Worship,Commitment & Dedication,,
12622486,S023 - Strong God,Contemporary,Desperation & Dependence,,God's Faithfulness,,
12622633,S024 - Strong To Save,Contemporary,Declarative,,God's Faithfulness,Hope,
12610102,S025 - Stronger,Contemporary,Declarative,,"Jesus' Life, Death, & Resurrection",,
13465564,S026 - Spirit Of The Living God,Contemporary,Desperation & Dependence,,Holy Spirit,God's Presence & Intimacy,
12615381,T001 - Take Heart,Contemporary,Desperation & Dependence,,Hope,,
12615462,T002 - Take It All,Contemporary,Celebratory,,Surrender,,
12615542,T003 - Take My Life,Contemporary,Desperation & Dependence,,Holiness & Purity,Surrender,
12616121,T004 - Take My Life (Here Am I),Contemporary,Desperation & Dependence,,Surrender,,
12616160,T005 - Take My Life and Let It Be,Traditional,Reflection & Prayer,Offering,Surrender,Commitment & Dedication,
12634830,T006 - Tell The World,Contemporary,Declarative,,Commitment & Dedication,"Missions, Evangelism, The Nations",
12616318,T007 - Testify to Love,Contemporary,Declarative,,Commitment & Dedication,"Missions, Evangelism, The Nations",
12616572,T008 - Thank You,Contemporary,Declarative,,Thankfulness & Adoration,,
12616585,T009 - The Anthem,Contemporary,Declarative,,"Jesus' Life, Death, & Resurrection",Freedom,
12616592,T010 - The Difference,Contemporary,Celebratory,,Freedom,,
12616600,T011 - The King Is Among Us,Contemporary,Desperation & Dependence,,Holy Spirit,,
12616614,T012 - The Lord Our God,Contemporary,Declarative,,God's Faithfulness,,
12628222,T013 - Turn Your Eyes Upon Jesus,Traditional,Reflection & Prayer,,Commitment & Dedication,,
12618819,T014  - The More I Seek You,Contemporary,Reflection & Prayer,,God's Presence & Intimacy,,
12618558,T015 - The Old Rugged Cross,Traditional,Declarative,Communion,"Jesus' Life, Death, & Resurrection",Thankfulness & Adoration,
12618750,T016 - The Power Of Your Name,Contemporary,Declarative,,"Missions, Evangelism, The Nations",Commitment & Dedication,
12603229,T017 - The Rock Won't Move,Contemporary,Declarative,,Hope,,
12618884,T018 - The Solid Rock,Traditional,Declarative,Offering,Hope,"Jesus' Life, Death, & Resurrection",Trust
12621979,T019 - The Stand,Contemporary,Declarative,,Surrender,,
12621984,T020 - The Steadfast Love,Contemporary,Adoration,,God's Faithfulness,,
12621989,T021 - The Time Has Come,Contemporary,Declarative,Call to Worship,Commitment & Dedication,,
12621995,T022 - The Wonderful Cross,Contemporary,Reflection & Prayer,Communion,"Jesus' Life, Death, & Resurrection",Repentance,
12621998,T023 - There Is None Like You,Contemporary,Reflection & Prayer,,Thankfulness & Adoration,,
12599462,T024 - This I Believe (The Creed),Contemporary,Declarative,,Church & Unity,"Jesus' Life, Death, & Resurrection",
12599430,T025 - This Is Amazing Grace,Contemporary,Celebratory,,Thankfulness & Adoration,"Jesus' Life, Death, & Resurrection",
12603148,T026－This Is How We Know,Contemporary,Declarative,,Thankfulness & Adoration,Church & Unity,
12603235,T027 - This Is My Father's World,Traditional,Declarative,Offering,Hope,God's Kingdom & Reign,
12603326,T028 - This Is Our God,Contemporary,Desperation & Dependence,,God's Love & as Father,Hope,
12603402,T029 - 'Til I See You,Contemporary,Desperation & Dependence,,Commitment & Dedication,Thankfulness & Adoration,
12603415,T030 - Tis So Sweet To Trust In Jesus,Traditional,Declarative,Offering,Thankfulness & Adoration,Trust,
12603430,T031 - To Be Like You,Contemporary,Desperation & Dependence,,Commitment & Dedication,,
12603469,T032 - To The Ends Of The Earth,Contemporary,Declarative,,"Missions, Evangelism, The Nations",Commitment & Dedication,
12627522,"T033 - Trading My Sorrows (Yes, Lord)",Gospel,Celebratory,,Hope,,
12627582,T034 - Trust And Obey,Traditional,Declarative,Offering,Commitment & Dedication,,
12866902,T035 - This We Know,Contemporary,Declarative,,Hope,,
14279260,T036 - The Lion And The Lamb,Contemporary,Declarative,,"God's Greatness, Power, Glory",Thankfulness & Adoration,
12628269,U001 - Unashamed,Contemporary,Desperation & Dependence,,God's Love & as Father,Thankfulness & Adoration,
12628289,U002 - Unchanging,Contemporary,Adoration,Call to Worship,God's Faithfulness,"God's Greatness, Power, Glory",Thankfulness & Adoration
12632248,U003 - Undivided Heart,Contemporary,Reflection & Prayer,,Holiness & Purity,Commitment & Dedication,
13982640,U004 - Unstoppable God,Contemporary,Adoration,Call to Worship,"God's Greatness, Power, Glory",God's Kingdom & Reign,
12632274,V001 - Victor's Crown,Contemporary,Declarative,,"Jesus' Life, Death, & Resurrection",Hope,Thankfulness & Adoration
12632315,W001 - Waiting Here For You,Contemporary,Desperation & Dependence,,God's Presence & Intimacy,,
12632349,W002 - Wake,Contemporary,Celebratory,,Hope,,
12632375,W003 - We Are Hungry,Contemporary,Desperation & Dependence,,,,
12471401,W004 - We Are The Free,Contemporary,Celebratory,,Freedom,Commitment & Dedication,
12632425,W005 - We Cry Out,Contemporary,Desperation & Dependence,,Commitment & Dedication,God's Love & as Father,
12632599,W006 - We Exalt You,Contemporary,Adoration,Call to Worship,Thankfulness & Adoration,Church & Unity,
12632672,W007 - We Fall Down,Contemporary,Reflection & Prayer,,Surrender,Commitment & Dedication,
12632752,W008 - We Speak To Nations,Contemporary,Declarative,,"Missions, Evangelism, The Nations",Church & Unity,
12632814,W009 - We The Redeemed,Contemporary,Declarative,,Thankfulness & Adoration,Church & Unity,
12632867,W010 - We Will Worship The Lamb Of Glory,Contemporary,Adoration,Call to Worship,Thankfulness & Adoration,,
12632880,W011 - What A Fellowship,Traditional,Desperation & Dependence,Offering,,,
12632896,W012 - When I Think About The Lord,Contemporary,Adoration,Call to Worship,Thankfulness & Adoration,,
12632936,W013 - When The Fight Calls,Contemporary,Declarative,,Hope,,
12632956,W014 - Where We Belong,Contemporary,Desperation & Dependence,,Thankfulness & Adoration,Commitment & Dedication,Hope
12632971,W015 - Who May Ascend,Contemporary,Declarative,,Commitment & Dedication,Surrender,Holiness & Purity
12632982,W016 - Who You Are,Contemporary,Adoration,Call to Worship,Hope,God's Faithfulness,Thankfulness & Adoration
12633002,W017 - Wholly Yours,Contemporary,Declarative,,"Jesus' Life, Death, & Resurrection",Thankfulness & Adoration,
12633087,W018 - Wide As The Sky,Contemporary,Adoration,Call to Worship,Thankfulness & Adoration,,
12628398,W019 - With All I Am,Contemporary,Reflection & Prayer,,Commitment & Dedication,God's Faithfulness,
12628350,W020 - With Everything,Contemporary,Desperation & Dependence,,Commitment & Dedication,Church & Unity,
12628327,W021 - Wonderful Merciful Savior,Traditional,Declarative,,Thankfulness & Adoration,Hope,God's Love & as Father
13320614,W022 - What A Beautiful Name,Contemporary,Declarative,,Thankfulness & Adoration,"Jesus' Life, Death, & Resurrection",
12613329,X001 - Angels We Have Heard On High,,Celebratory,,Christmas,,
12608919,X002 - My Soul Magnifies The Lord,,Celebratory,,Christmas,,
12618873,X003 - Joy To The World,,Celebratory,,Christmas,,
12618552,X004 - Joy To The World (Unspeakable Joy),,Celebratory,,Christmas,,
12608967,X005 - O Come All Ye Faithful,,Celebratory,,Christmas,,
12613367,X006 - O Come O Come Emmanuel,,Declarative,,Christmas,,
12613431,X007 - O Holy Night,,Reflection & Prayer,,Christmas,,
12609004,X008 - Silent Night,,Reflection & Prayer,,Christmas,,
13116935,X009 - Noel,,Reflection & Prayer,,Christmas,,
13146495,X010 - Hark The Herald Angels Sing,,Declarative,,Christmas,,
13191635,X011 - O Little Town of Bethlehem,,Reflection & Prayer,,Christmas,,
12628316,Y001 - You,Contemporary,Celebratory,,Commitment & Dedication,Surrender,
12598835,Y002 - You Alone Are God,Contemporary,Declarative,,Thankfulness & Adoration,,
12598652,Y003 - You Alone Can Rescue,Contemporary,Declarative,,Freedom,Thankfulness & Adoration,
12598841,Y004 - You Are God Alone (Not A God),Contemporary,Declarative,,Thankfulness & Adoration,,
12607065,Y005 - You Are Here (The Same Power),Contemporary,Declarative,,God's Presence & Intimacy,Hope,
12635519,Y006 - You Are Holy (Prince Of Peace),Contemporary,Adoration,Call to Worship,Thankfulness & Adoration,Commitment & Dedication,
12613472,Y007 - You Are My All In All,Contemporary,Reflection & Prayer,,Thankfulness & Adoration,,
12598848,Y008 - You Are My King (Amazing Love),Contemporary,Declarative,,"Jesus' Life, Death, & Resurrection",,
12599184,Y009 - You Are My Strength,Contemporary,Reflection & Prayer,,Hope,,
12608727,Y010 - You're Worthy Of My Praise,Contemporary,Adoration,Call to Worship,Commitment & Dedication,,
12599653,Y011 - You Breathe,Contemporary,Reflection & Prayer,,God's Presence & Intimacy,,
12608778,Y012 - You Deserve,Contemporary,Celebratory,,Thankfulness & Adoration,Commitment & Dedication,
12613300,Y013 - You Never Fail,Contemporary,Declarative,,Hope,God's Faithfulness,
12613232,Y014 - You Never Let Go,Contemporary,Declarative,,Hope,God's Faithfulness,
12608890,Y015 - You Rescued Me,Contemporary,Reflection & Prayer,,God's Love & as Father,,
12608848,Y016 - You Said,Contemporary,Declarative,,"Missions, Evangelism, The Nations",,
12608807,Y017 - You'll Come,Contemporary,Desperation & Dependence,,Hope,Freedom,
12598825,Y018 - Your Beloved,Contemporary,Reflection & Prayer,,God's Love & as Father,,
12598631,Y019 - Your Grace Is Enough,Contemporary,Celebratory,,God's Faithfulness,,
12618527,Y020 - Your Love Never Fails,Contemporary,Declarative,,God's Love & as Father,,
12599266,Y021 - Your Name,Contemporary,Declarative,Call to Worship,Thankfulness & Adoration,"God's Greatness, Power, Glory",
12618509,Y022 - Your Presence Is Heaven To Me,Contemporary,Desperation & Dependence,,God's Presence & Intimacy,,
12677763,Y023 - Yes And Amen,Contemporary,Declarative,,God's Faithfulness,,
13742368,Y024 - Your Love Awakens Me,Contemporary,Adoration,,Freedom,Our Testimony & Redemption,
13931279,Y025 - You Make Me Brave,Contemporary,Desperation & Dependence,,Trust,Surrender,Hope
12471412,"Z001 - 10,000 Reasons (Bless The Lord)",Contemporary,Adoration,Call to Worship,Thankfulness & Adoration,,